Model,Preprocess (ms),Inference (ms),Postprocess (ms),Total (ms),FPS,Test mAP50
YOLO11n,0.5626786040557243,5.71052013839806,0.8189487193829447,7.0921474618367295,141.0010163185495,88.5637274444425
YOLO11s,0.5882115653865245,11.358028617353071,0.984351279327224,12.93059146206682,77.33598288474272,93.22038354962989
